日期,市场,代码,名称,CANSLIM-A综合分,触发维度,楔形状态,顶底山峰状态,参考买点区间,观察位,止损位,建议仓位占比,入选理由摘要,实际表现(收盘涨跌%),验证结果,数据来源
2026-09-28,A股,600066.SH,宇通客车,72,C/A/N/L/I,近期回调22%后缩量整理，未出现明确下降楔形上破信号，观察MA20能否站稳,阶段高点33.8后缩量回踩，尚未出现MA10/20企稳拐头，等待确认,25.0-26.5,26.8,24.0 (-8%),6%,C:年度扣非+32%/MRQ+15.8%;A:年度ROE 38%/MRQ 13%;N:客车出海+新能源公交政策催化,待验证,待验证,iFinD
2026-09-28,A股,003010.SZ,若羽臣,76,C/A/N/S/I,9/28放量大跌5.4%，跌破短期平台，暂无楔形买点,阶段新高31.6后快速回调，缩量不明显，等待MA20附近企稳,26.0-27.5,28.5,24.5 (-8%),5%,C:MRQ扣非+128.6%;A:MRQ ROE 22.1%;N:代运营转型自有品牌高增,待验证,待验证,iFinD
2026-09-28,A股,605499.SH,东鹏饮料,74,A/N/L/S/I,从142回调至111后缩量微涨，关注110平台支撑，若放量突破115视为收敛平台突破,阶段高点142后回调22%，9/28微涨0.25%，量能萎缩，观察是否形成阶段底,108-112,115,102 (-8%),5%,C:年度扣非+28%/MRQ+14.4%;A:MRQ ROE 19.8%;N:电解质水+咖啡品类扩张,待验证,待验证,iFinD
2026-09-28,A股,603486.SH,科沃斯,75,C/A/N/L/S,近期相对抗跌，跌幅约1%，维持区间震荡，关注放量突破上沿,未出现明显阶段顶，维持在MA20上方运行，趋势尚可,50-52,53,46 (-8%),4%,C:年度扣非+126%;A:年度ROE 22.2%;N:扫地机器人+洗地机出海,待验证,待验证,iFinD
2026-09-28,A股,603444.SH,吉比特,76,C/A/N/L/S,近期小幅回调0.75%，维持高位震荡，未出现明确楔形结构,阶段新高后横盘整理，未出现缩量回踩MA20结构,330-340,345,305 (-8%),4%,C:年度扣非+97%;A:年度ROE 33.3%;N:新游戏上线预期,待验证,待验证,iFinD
2026-09-28,A股,605305.SH,中际联合,76,C/A/N/L/S,近期维持区间震荡，未出现明确下降楔形上破，关注放量突破,阶段新高后缩量整理，未出现MA10/20回踩企稳结构,48-50,51,44 (-8%),3%,C:年度扣非+86%;A:年度ROE 19.1%;N:风电高空作业设备出海,待验证,待验证,iFinD
2026-09-28,A股,689009.SH,九号公司,76,C/A/N/L/S,近期缩量整理，未出现明确楔形结构，维持上升通道,阶段新高后缩量横盘，MA20上方运行，趋势 intact,58-60,62,53 (-8%),3%,C:年度扣非+63%;A:年度ROE 26.1%;N:短交通+割草机器人新品,待验证,待验证,iFinD
2026-09-28,港股,1157.HK,中联重科,71,C/A/N/L/S,A+H联动，近期港股涨0.45%相对抗跌，未出现明确楔形突破,阶段高点后缩量整理，等待MA20拐头,4.8-5.0,5.1,4.4 (-8%),4%,C:年度净利+38.9%;A:年度ROE 38.9%;N:工程机械出海+基建,待验证,待验证,iFinD
2026-09-28,港股,9626.HK,哔哩哔哩-W,72,C/N/L/S,近60日涨2.92%，相对强势，维持上升通道，未出现楔形卖点,从139低点反弹至119.8，未形成阶段顶，趋势向上,115-120,125,106 (-8%),4%,C:MRQ净利+160.6%;A:MRQ ROE 3.5%;N:扭亏为盈+游戏发行,待验证,待验证,iFinD
2026-09-28,港股,1651.HK,津上机床中国,70,C/A/N/L/S,近期涨0.85%，维持缓慢上升通道,未出现明显阶段顶，沿MA20缓慢爬升,11.5-12.0,12.3,10.6 (-8%),3%,C:年度净利+62.1%;A:年度ROE 62.1%;N:工业母机+高端制造,待验证,待验证,iFinD
