时间,代码,名称,市场,最新价,涨跌幅%,上午成交额,买点区间,止损,距买点上沿,状态判断,操作建议,价格活跃,备注
2026-10-02 03:33:05,600066.SH,宇通客车,A股,26.72,1.44,5.08亿,25.0-26.5,24.0,0.22,突破买点上沿,关注突破确认，等回踩再介入,是,
2026-10-02 03:33:05,003010.SZ,若羽臣,A股,27.99,0.57,1.05亿,26.0-27.5,24.5,0.49,突破买点上沿,关注突破确认，等回踩再介入,是,
2026-10-02 03:33:05,605499.SH,东鹏饮料,A股,112.25,1.87,3.27亿,108.0-112.0,102.0,0.25,突破买点上沿,关注突破确认，等回踩再介入,是,
2026-10-02 03:33:05,603486.SH,科沃斯,A股,49.89,1.36,1.61亿,50.0-52.0,46.0,-2.11,未触及买点,继续观望，等回踩买点区间,是,
2026-10-02 03:33:05,603444.SH,吉比特,A股,339.69,1.11,2.48亿,330.0-340.0,305.0,-0.31,进入买点区间,已介入则持有，未介入可分批建仓,是,
2026-10-02 03:33:05,605305.SH,中际联合,A股,30.33,0.3,5147万,48.0-50.0,44.0,-19.67,跌破止损位,需止损,是,
2026-10-02 03:33:05,689009.SH,九号公司,A股,37.1,2.94,2.35亿,58.0-60.0,53.0,-22.9,跌破止损位,需止损,是,
2026-10-02 03:33:05,1157.HK,中联重科,港股,5.76,0.79,2421万,4.8-5.0,4.4,0.76,突破买点上沿,关注突破确认，等回踩再介入,否,
2026-10-02 03:33:05,9626.HK,哔哩哔哩-W,港股,119.5,1.36,3.61亿,115.0-120.0,106.0,-0.5,进入买点区间,已介入则持有，未介入可分批建仓,是,
2026-10-02 03:33:05,1651.HK,津上机床中国,港股,46.34,2.3,1.18亿,11.5-12.0,10.6,34.34,疑似买点异常,待确认买点/代码,是,现价46.34明显高于买点上沿12.0，疑似参数有误
